AZ-KF02-WS101,az-kf02-wc201
AZ-KF02-WS102,az-kf02-wc202
AZ-KF02-WS103,az-kf02-wc203
AZ-KF02-WS104,az-kf02-wc204
AZ-KF02-WS105,az-kf02-wc205
AZ-KF02-WS106,az-kf02-wc206
AZ-KF02-WS107,az-kf02-wc207
AZ-KF02-WS108,az-kf02-wc208
AZ-KF02-WS109,az-kf02-wc209
AZ-KF02-WS110,az-kf02-wc210
AZ-KF02-WS111,az-kf02-wc211
AZ-KF02-WS112,az-kf02-wc212
AZ-KF02-WS113,az-kf02-wc213
AZ-KF02-WS114,az-kf02-wc214
AZ-KF02-WS115,az-kf02-wc215

AZ-KF02-WS201,az-kf02-wc216
AZ-KF02-WS202,az-kf02-wc217
AZ-KF02-WS203,az-kf02-wc218
AZ-KF02-WS204,az-kf02-wc219
AZ-KF02-WS205,az-kf02-wc220
AZ-KF02-WS206,az-kf02-wc211
AZ-KF02-WS207,az-kf02-wc222
AZ-KF02-WS208,az-kf02-wc223
AZ-KF02-WS209,az-kf02-wc224
AZ-KF02-WS210,az-kf02-wc225
AZ-KF02-WS211,az-kf02-wc226
AZ-KF02-WS212,az-kf02-wc227
AZ-KF02-WS213,az-kf02-wc228
AZ-KF02-WS214,az-kf02-wc229
AZ-KF02-WS215,az-kf02-wc230

